Workbook

Sheet Calculation
A1: Package Name | B1: ID | C1: Duration (Days) | D1: No of Pax
A2: East Java to Bali Adventure: 3D2N Bromo & Ijen Volcano Journey | B2: 28 | C2: 3 | D2: 15
A4: Description | B4: Unit | C4: Rate | D4: Qty | E4: Total
A5: A. Accommodation
A6: B. Activities | E6: =C6*D6 -> 0
A7: B2. Bromo
A8: Bromo - Ticket | B8: Pax | C8: 150000 | D8: =$D$2 -> 15 | E8: =C8*D8 -> 2250000
A9: Bromo - Jeep | B9: Pax | C9: 500000 | D9: =ROUNDUP(D2/5,0) -> 3 | E9: =C9*D9 -> 1500000
A10: Breakfast Kecombrang | B10: Pax | C10: 50000 | D10: =$D$2 -> 15 | E10: =C10*D10 -> 750000
A11: C. Transportation
A12: C1. Vehicle
A13: Avanza | B13: Day x Qty | C13: 480000 | D13: =IF($D$2=1,$C$2, IF($D$2=2,$C$2,0)) -> 0 | E13: =C13*D13 -> 0
A14: Innova | B14: Day x Qty | C14: 550000 | D14: =IF($D$2=3,$C$2, 0) -> 0 | E14: =C14*D14 -> 0
A15: Toyota Hiace | B15: Day x Qty | C15: 1100000 | D15: 2 | E15: =C15*D15 -> 2200000
A16: Toyota Hiace Premio (4-6pax) | B16: Day x Qty | C16: 1300000 | E16: =C16*D16 -> 0
A17: Extra Luggage | B17: Day x Qty | C17: 2040000 | D17: =IF((($D$2>=10)*($D$2<=11))=1,1,0) -> 0 | E17: =C17*D17 -> 0
A18: C2. Parking and toll
A19: Probolingo | B19: No | C19: 200000 | D19: 2 | E19: =C19*D19 -> 400000
A20: Probolinggo + Malang | B20: No | C20: 300000 | E20: =C20*D20 -> 0
A21: D. Crews | E21: =C21*D21 -> 0
A22: D1. In house | E22: =C22*D22 -> 0
A23: Driver cum guide | B23: Day x Qty | C23: 250000 | D23: =IF((($D$2>=1)*($D$2<=3))=1,$C$2,0) -> 0 | E23: =C23*D23 -> 0
A24: Escort Guide | B24: Day x Qty | C24: 250000 | D24: 1 | E24: =C24*D24 -> 250000
A25: Driver Only | B25: Day x Qty | C25: 200000 | E25: =C25*D25 -> 0
A26: E. Others | E26: =C26*D26 -> 0
A27: E1. Miscelleneous | E27: =C27*D27 -> 0
A28: Mineral Water | B28: Karton | C28: 50000 | D28: 4 | E28: =C28*D28 -> 200000
A29: T Shirt | B29: Pax | C29: 60000 | D29: =D2 -> 15 | E29: =C29*D29 -> 900000
A30: Total Expense | E30: =SUM(E6:E29) -> 8450000
A31: Expense / Pax | E31: =E30/D2 -> 563333.33

Sheet WNI 1 pax
A1: Package Name | B1: ID | C1: Duration (Days) | D1: No of Pax
C2: 1 | D2: 1
A4: Description | B4: Unit | C4: Rate | D4: Qty | E4: Total
A5: A. Accommodation
A6: B. Activities
A7: B2. Bromo
A8: Bromo - Ticket | B8: Pax | C8: 75000 | D8: =$D$2 -> 1 | E8: =C8*D8 -> 75000
A9: Bromo - Jeep | B9: Pax | C9: 450000 | D9: =ROUNDUP(D2/5,0) -> 1 | E9: =C9*D9 -> 450000
A10: Breakfast Kecombrang | B10: Pax | D10: =$D$2 -> 1 | E10: =C10*D10 -> 0
A11: B3. Madakaripura
A12: Madakaripura - Ticket | B12: Pax | C12: 60000 | D12: =$D$2 -> 1 | E12: =C12*D12 -> 60000
A13: Madakaripura - Guide | B13: Pax | C13: 100000 | D13: 1 | E13: =C13*D13 -> 100000
A14: C. Transportation
A15: C1. Vehicle | F15: 250000 | G15: 200000 | H15: 150000 | I15: 250000
A16: Avanza - Include Tol | B16: Day x Qty | C16: 850000 | D16: =IF($D$2=1,$C$2, IF($D$2=2,$C$2,0)) -> 1 | E16: =C16*D16 -> 850000 | F16: 850000 | G16: =F16-250000 -> 600000 | H16: =G16-200000 -> 400000 | I16: =H16-150000 -> 250000
A17: Innova - Include Tol | B17: Day x Qty | C17: 1200000 | E17: =C17*D17 -> 0 | F17: 350000 | G17: 200000 | H17: 200000 | I17: 250000
A18: C2. Parking and toll
A19: Probolingo | B19: No | D19: 2 | E19: =C19*D19 -> 0
A20: Probolinggo + Malang | B20: No | E20: =C20*D20 -> 0
A21: D. Crews | E21: =C21*D21 -> 0
A22: D1. In house | E22: =C22*D22 -> 0
A23: Driver cum guide | B23: Day x Qty | C23: 250000 | E23: =C23*D23 -> 0
A24: Escort Guide | B24: Day x Qty | C24: 250000 | E24: =C24*D24 -> 0
A25: Driver Only | B25: Day x Qty | C25: 200000 | E25: =C25*D25 -> 0
A26: E. Others | E26: =C26*D26 -> 0
A27: E1. Miscelleneous | E27: =C27*D27 -> 0
A28: Mineral Water | B28: Karton | C28: 10000 | D28: 1 | E28: =C28*D28 -> 10000
A29: T Shirt | B29: Pax | C29: 60000 | E29: =C29*D29 -> 0
A30: Total Expense | E30: =SUM(E6:E29) -> 1545000
A31: Expense / Pax | E31: =E30/D2 -> 1545000
A33: Harga Jual / Pax | B33: 1900000 | D33: 4000000
A34: Total Harga | B34: =B33*D2 -> 1900000 | D34: =100*D33/125 -> 3200000
A35: Profit | B35: =B34-E30 -> 355000
A36: Persentase Profit | B36: =B35/B34*100 -> 18.684211
A38: Klook Komisi / pax (25%) | B38: =B33*25% -> 475000
A39: Harga Jual Klook / pax | B39: =B33+B38 -> 2375000

Sheet WNI 2 pax
A1: Package Name | B1: ID | C1: Duration (Days) | D1: No of Pax
C2: 1 | D2: 2
A4: Description | B4: Unit | C4: Rate | D4: Qty | E4: Total
A5: A. Accommodation
A6: B. Activities | E6: =C6*D6 -> 0
A7: B2. Bromo
A8: Bromo - Ticket | B8: Pax | C8: 75000 | D8: =$D$2 -> 2 | E8: =C8*D8 -> 150000
A9: Bromo - Jeep | B9: Pax | C9: 450000 | D9: =ROUNDUP(D2/5,0) -> 1 | E9: =C9*D9 -> 450000
A10: Breakfast Kecombrang | B10: Pax | D10: =$D$2 -> 2 | E10: =C10*D10 -> 0
A11: B3. Madakaripura
A12: Madakaripura - Ticket | B12: Pax | C12: 60000 | D12: =$D$2 -> 2 | E12: =C12*D12 -> 120000
A13: Madakaripura - Guide | B13: Pax | C13: 100000 | D13: 1 | E13: =C13*D13 -> 100000
A14: C. Transportation
A15: C1. Vehicle
A16: Avanza - Include Tol | B16: Day x Qty | C16: 850000 | D16: =IF($D$2=1,$C$2, IF($D$2=2,$C$2,0)) -> 1 | E16: =C16*D16 -> 850000
A17: Innova - Include Tol | B17: Day x Qty | C17: 1200000 | E17: =C17*D17 -> 0
A18: C2. Parking and toll
A19: Probolingo | B19: No | D19: 2 | E19: =C19*D19 -> 0
A20: Probolinggo + Malang | B20: No | E20: =C20*D20 -> 0
A21: D. Crews | E21: =C21*D21 -> 0
A22: D1. In house | E22: =C22*D22 -> 0
A23: Driver cum guide | B23: Day x Qty | C23: 250000 | E23: =C23*D23 -> 0
A24: Escort Guide | B24: Day x Qty | C24: 250000 | E24: =C24*D24 -> 0
A25: Driver Only | B25: Day x Qty | C25: 200000 | E25: =C25*D25 -> 0
A26: E. Others | E26: =C26*D26 -> 0
A27: E1. Miscelleneous | E27: =C27*D27 -> 0
A28: Mineral Water | B28: Karton | C28: 20000 | D28: 1 | E28: =C28*D28 -> 20000
A29: T Shirt | B29: Pax | C29: 60000 | E29: =C29*D29 -> 0
A30: Total Expense | E30: =SUM(E6:E29) -> 1690000
A31: Expense / Pax | E31: =E30/D2 -> 845000
A33: Harga Jual / Pax | B33: 1100000 | D33: 2400000
A34: Total Harga | B34: =B33*D2 -> 2200000 | D34: =100*D33/125 -> 1920000
A35: Profit | B35: =B34-E30 -> 510000
A36: Persentase Profit | B36: =B35/B34*100 -> 23.181818
A38: Klook Komisi / pax (25%) | B38: =B33*25% -> 275000
A39: Harga Jual Klook / pax | B39: =B33+B38 -> 1375000

Sheet WNI 3 pax
A1: Package Name | B1: ID | C1: Duration (Days) | D1: No of Pax
C2: 1 | D2: 3
A4: Description | B4: Unit | C4: Rate | D4: Qty | E4: Total
A5: A. Accommodation
A6: B. Activities | E6: =C6*D6 -> 0
A7: B2. Bromo
A8: Bromo - Ticket | B8: Pax | C8: 75000 | D8: =$D$2 -> 3 | E8: =C8*D8 -> 225000
A9: Bromo - Jeep | B9: Pax | C9: 450000 | D9: =ROUNDUP(D2/5,0) -> 1 | E9: =C9*D9 -> 450000
A10: Breakfast Kecombrang | B10: Pax | D10: =$D$2 -> 3 | E10: =C10*D10 -> 0
A11: B3. Madakaripura
A12: Madakaripura - Ticket | B12: Pax | C12: 60000 | D12: =$D$2 -> 3 | E12: =C12*D12 -> 180000
A13: Madakaripura - Guide | B13: Pax | C13: 100000 | D13: 1 | E13: =C13*D13 -> 100000
A14: C. Transportation
A15: C1. Vehicle
A16: Avanza - Include Tol | B16: Day x Qty | C16: 850000 | D16: 1 | E16: =C16*D16 -> 850000
A17: Innova - Include Tol | B17: Day x Qty | C17: 1200000 | E17: =C17*D17 -> 0
A18: C2. Parking and toll
A19: Probolingo | B19: No | D19: 2 | E19: =C19*D19 -> 0
A20: Probolinggo + Malang | B20: No | E20: =C20*D20 -> 0
A21: D. Crews | E21: =C21*D21 -> 0
A22: D1. In house | E22: =C22*D22 -> 0
A23: Driver cum guide | B23: Day x Qty | C23: 250000 | E23: =C23*D23 -> 0
A24: Escort Guide | B24: Day x Qty | C24: 250000 | E24: =C24*D24 -> 0
A25: Driver Only | B25: Day x Qty | C25: 200000 | E25: =C25*D25 -> 0
A26: E. Others | E26: =C26*D26 -> 0
A27: E1. Miscelleneous | E27: =C27*D27 -> 0
A28: Mineral Water | B28: No | C28: 10000 | D28: =D2 -> 3 | E28: =C28*D28 -> 30000
A29: T Shirt | B29: Pax | C29: 60000 | E29: =C29*D29 -> 0
A30: Total Expense | E30: =SUM(E6:E29) -> 1835000
A31: Expense / Pax | E31: =E30/D2 -> 611666.67
A33: Harga Jual / Pax | B33: 900000 | D33: 1850000
A34: Total Harga | B34: =B33*D2 -> 2700000 | D34: =100*D33/125 -> 1480000
A35: Profit | B35: =B34-E30 -> 865000
A36: Persentase Profit | B36: =B35/B34*100 -> 32.037037
A38: Klook Komisi / pax (25%) | B38: =B33*25% -> 225000
A39: Harga Jual Klook / pax | B39: =B33+B38 -> 1125000

Sheet WNI 4 pax
A1: Package Name | B1: ID | C1: Duration (Days) | D1: No of Pax
C2: 1 | D2: 4
A4: Description | B4: Unit | C4: Rate | D4: Qty | E4: Total
A5: A. Accommodation
A6: B. Activities | E6: =C6*D6 -> 0
A7: B2. Bromo
A8: Bromo - Ticket | B8: Pax | C8: 75000 | D8: =$D$2 -> 4 | E8: =C8*D8 -> 300000
A9: Bromo - Jeep | B9: Pax | C9: 450000 | D9: =ROUNDUP(D2/5,0) -> 1 | E9: =C9*D9 -> 450000
A10: Breakfast Kecombrang | B10: Pax | D10: =$D$2 -> 4 | E10: =C10*D10 -> 0
A11: B3. Madakaripura
A12: Madakaripura - Ticket | B12: Pax | C12: 60000 | D12: =$D$2 -> 4 | E12: =C12*D12 -> 240000
A13: Madakaripura - Guide | B13: Pax | C13: 100000 | D13: 1 | E13: =C13*D13 -> 100000
A14: C. Transportation
A15: C1. Vehicle
A16: Avanza - Include Tol | B16: Day x Qty | C16: 1050000 | E16: =C16*D16 -> 0
A17: Innova - Include Tol | B17: Day x Qty | C17: 1050000 | D17: 1 | E17: =C17*D17 -> 1050000
A18: C2. Parking and toll
A19: Probolingo | B19: No | D19: 2 | E19: =C19*D19 -> 0
A20: Probolinggo + Malang | B20: No | E20: =C20*D20 -> 0
A21: D. Crews | E21: =C21*D21 -> 0
A22: D1. In house | E22: =C22*D22 -> 0
A23: Driver cum guide | B23: Day x Qty | C23: 250000 | E23: =C23*D23 -> 0
A24: Escort Guide | B24: Day x Qty | C24: 250000 | E24: =C24*D24 -> 0
A25: Driver Only | B25: Day x Qty | C25: 200000 | E25: =C25*D25 -> 0
A26: E. Others | E26: =C26*D26 -> 0
A27: E1. Miscelleneous | E27: =C27*D27 -> 0
A28: Mineral Water | B28: Karton | C28: 10000 | D28: =D2 -> 4 | E28: =C28*D28 -> 40000
A29: T Shirt | B29: Pax | C29: 60000 | E29: =C29*D29 -> 0
A30: Total Expense | E30: =SUM(E6:E29) -> 2180000
A31: Expense / Pax | E31: =E30/D2 -> 545000
A33: Harga Jual / Pax | B33: 850000 | D33: 1700000
A34: Total Harga | B34: =B33*D2 -> 3400000 | D34: =100*D33/125 -> 1360000
A35: Profit | B35: =B34-E30 -> 1220000
A36: Persentase Profit | B36: =B35/B34*100 -> 35.882353
A38: Klook Komisi / pax (25%) | B38: =B33*25% -> 212500
A39: Harga Jual Klook / pax | B39: =B33+B38 -> 1062500

Sheet WNI 5 pax
A1: Package Name | B1: ID | C1: Duration (Days) | D1: No of Pax
C2: 1 | D2: 5
A4: Description | B4: Unit | C4: Rate | D4: Qty | E4: Total
A5: A. Accommodation
A6: B. Activities | E6: =C6*D6 -> 0
A7: B2. Bromo
A8: Bromo - Ticket | B8: Pax | C8: 75000 | D8: =$D$2 -> 5 | E8: =C8*D8 -> 375000
A9: Bromo - Jeep | B9: Pax | C9: 450000 | D9: =ROUNDUP(D2/5,0) -> 1 | E9: =C9*D9 -> 450000
A10: Breakfast Kecombrang | B10: Pax | D10: =$D$2 -> 5 | E10: =C10*D10 -> 0
A11: B3. Madakaripura
A12: Madakaripura - Ticket | B12: Pax | C12: 60000 | D12: =$D$2 -> 5 | E12: =C12*D12 -> 300000
A13: Madakaripura - Guide | B13: Pax | C13: 100000 | D13: 1 | E13: =C13*D13 -> 100000
A14: C. Transportation
A15: C1. Vehicle
A16: Avanza - Include Tol | B16: Day x Qty | C16: 1050000 | E16: =C16*D16 -> 0
A17: Innova - Include Tol | B17: Day x Qty | C17: 1050000 | D17: 1 | E17: =C17*D17 -> 1050000
A18: C2. Parking and toll
A19: Probolingo | B19: No | D19: 2 | E19: =C19*D19 -> 0
A20: Probolinggo + Malang | B20: No | E20: =C20*D20 -> 0
A21: D. Crews | E21: =C21*D21 -> 0
A22: D1. In house | E22: =C22*D22 -> 0
A23: Driver cum guide | B23: Day x Qty | C23: 250000 | E23: =C23*D23 -> 0
A24: Escort Guide | B24: Day x Qty | C24: 250000 | E24: =C24*D24 -> 0
A25: Driver Only | B25: Day x Qty | C25: 200000 | E25: =C25*D25 -> 0
A26: E. Others | E26: =C26*D26 -> 0
A27: E1. Miscelleneous | E27: =C27*D27 -> 0
A28: Mineral Water | B28: Karton | C28: 10000 | D28: =D2 -> 5 | E28: =C28*D28 -> 50000
A29: T Shirt | B29: Pax | C29: 60000 | E29: =C29*D29 -> 0
A30: Total Expense | E30: =SUM(E6:E29) -> 2325000
A31: Expense / Pax | E31: =E30/D2 -> 465000
A33: Harga Jual / Pax | B33: 700000
A34: Total Harga | B34: =B33*D2 -> 3500000
A35: Profit | B35: =B34-E30 -> 1175000
A36: Persentase Profit | B36: =B35/B34*100 -> 33.571429
A38: Klook Komisi / pax (25%) | B38: =B33*25% -> 175000
A39: Harga Jual Klook / pax | B39: =B33+B38 -> 875000

Sheet Summary WNI
A1: Pax | B1: Expense / Pax | C1: Total Expense | D1: Harga / Pax | E1: Total Harga | F1: Margin | G1: Presentase Margin | H1: Komisi Klook /pax | I1: Harga Retail Klook / pax
A2: 1 | B2: ='WNI 1 pax'!$E$31 -> 1545000 | C2: =B2*A2 -> 1545000 | D2: ='WNI 1 pax'!B33 -> 1900000 | E2: =D2*A2 -> 1900000 | F2: =E2-C2 -> 355000 | G2: =F2/E2*100 -> 18.684211 | H2: =D2*25% -> 475000 | I2: =D2+H2 -> 2375000
A3: 2 | B3: ='WNI 2 pax'!$E$31 -> 845000 | C3: =B3*A3 -> 1690000 | D3: ='WNI 2 pax'!B33 -> 1100000 | E3: =D3*A3 -> 2200000 | F3: =E3-C3 -> 510000 | G3: =F3/E3*100 -> 23.181818 | H3: =D3*25% -> 275000 | I3: =D3+H3 -> 1375000
A4: 3 | B4: ='WNI 3 pax'!$E$31 -> 611666.67 | C4: =B4*A4 -> 1835000 | D4: ='WNI 3 pax'!B33 -> 900000 | E4: =D4*A4 -> 2700000 | F4: =E4-C4 -> 865000 | G4: =F4/E4*100 -> 32.037037 | H4: =D4*25% -> 225000 | I4: =D4+H4 -> 1125000
A5: 4 | B5: ='WNI 4 pax'!$E$31 -> 545000 | C5: =B5*A5 -> 2180000 | D5: ='WNI 4 pax'!B33 -> 850000 | E5: =D5*A5 -> 3400000 | F5: =E5-C5 -> 1220000 | G5: =F5/E5*100 -> 35.882353 | H5: =D5*25% -> 212500 | I5: =D5+H5 -> 1062500
A6: 5 | B6: ='WNI 5 pax'!$E$31 -> 465000 | C6: =B6*A6 -> 2325000 | D6: ='WNI 5 pax'!B33 -> 700000 | E6: =D6*A6 -> 3500000 | F6: =E6-C6 -> 1175000 | G6: =F6/E6*100 -> 33.571429 | H6: =D6*25% -> 175000 | I6: =D6+H6 -> 875000

Sheet Summary
A1: Package Name | E1: ID | F1: Duration (Days) | G1: No of Pax
A2: East Java to Bali Adventure: 3D2N Bromo & Ijen Volcano Journey | E2: 28 | F2: 3 | G2: 11
A4: Pax | B4: Expense / Pax | C4: Total Expense | D4: Harga / Pax | E4: Total Harga | F4: Margin | G4: Presentase Margin
A5: 1 | B5: 5066000 | C5: =B5*A5 -> 5066000 | D5: 6000000 | E5: =D5*A5 -> 6000000 | F5: =E5-C5 -> 934000 | G5: =F5/E5*100 -> 15.566667
A6: 2 | B6: 2778500 | C6: =B6*A6 -> 5557000 | D6: 3200000 | E6: =D6*A6 -> 6400000 | F6: =E6-C6 -> 843000 | G6: =F6/E6*100 -> 13.171875
A7: 3 | B7: 2497666.7 | C7: =B7*A7 -> 7493000 | D7: 2750000 | E7: =D7*A7 -> 8250000 | F7: =E7-C7 -> 757000 | G7: =F7/E7*100 -> 9.1757576
A8: 4 | B8: 2408500 | C8: =B8*A8 -> 9634000 | D8: 2750000 | E8: =D8*A8 -> 11000000 | F8: =E8-C8 -> 1366000 | G8: =F8/E8*100 -> 12.418182
A9: 5 | B9: 2362000 | C9: =B9*A9 -> 11810000 | D9: 2600000 | E9: =D9*A9 -> 13000000 | F9: =E9-C9 -> 1190000 | G9: =F9/E9*100 -> 9.1538462
A10: 6 | B10: 2058500 | C10: =B10*A10 -> 12351000 | D10: 2600000 | E10: =D10*A10 -> 15600000 | F10: =E10-C10 -> 3249000 | G10: =F10/E10*100 -> 20.826923
A11: 7 | B11: 2003857.1 | C11: =B11*A11 -> 14027000 | D11: 2600000 | E11: =D11*A11 -> 18200000 | F11: =E11-C11 -> 4173000 | G11: =F11/E11*100 -> 22.928571
A12: 8 | B12: 1814750 | C12: =B12*A12 -> 14518000 | D12: 2400000 | E12: =D12*A12 -> 19200000 | F12: =E12-C12 -> 4682000 | G12: =F12/E12*100 -> 24.385417
A13: 9 | B13: 1860444.4 | C13: =B13*A13 -> 16744000 | D13: 2400000 | E13: =D13*A13 -> 21600000 | F13: =E13-C13 -> 4856000 | G13: =F13/E13*100 -> 22.481481
A14: 10 | B14: 1947500 | C14: =B14*A14 -> 19475000 | D14: 2400000 | E14: =D14*A14 -> 24000000 | F14: =E14-C14 -> 4525000 | G14: =F14/E14*100 -> 18.854167
A15: 11 | B15: 1927363.6 | C15: =B15*A15 -> 21201000 | D15: 2250000 | E15: =D15*A15 -> 24750000 | F15: =E15-C15 -> 3549000 | G15: =F15/E15*100 -> 14.339394
A16: 15
