Workbook

Sheet Summary
A1: Package Name | G1: Duration (Days)
A2: 3 Day Ijen, Bromo & Madakaripura Waterfall Discovery from Surabaya | G2: 3
A4: Pax | B4: Expense / Pax | C4: Total Expense | D4: Harga / Pax | E4: Total Harga | F4: Margin | G4: Presentase Margin
A5: 1 | B5: ='1 pax'!E38 -> 4962500 | C5: =B5*A5 -> 4962500 | D5: 6300000 | E5: =D5*A5 -> 6300000 | F5: =E5-C5 -> 1337500 | G5: =F5/E5*100 -> 21.230159
A6: 2 | B6: ='2 Pax'!E38 -> 2768750 | C6: =B6*A6 -> 5537500 | D6: 3570000 | E6: =D6*A6 -> 7140000 | F6: =E6-C6 -> 1602500 | G6: =F6/E6*100 -> 22.443978
A7: 3 | B7: ='3 Pax'!E38 -> 2179166.7 | C7: =B7*A7 -> 6537500 | D7: 3275000 | E7: =D7*A7 -> 9825000 | F7: =E7-C7 -> 3287500 | G7: =F7/E7*100 -> 33.46056
A8: 4 | B8: ='4 Pax'!E37 -> 2381250 | C8: =B8*A8 -> 9525000 | D8: 3050000 | E8: =D8*A8 -> 12200000 | F8: =E8-C8 -> 2675000 | G8: =F8/E8*100 -> 21.92623
A9: 5 | B9: ='5 Pax'!E41 -> 2255000 | C9: =B9*A9 -> 11275000 | D9: 3050000 | E9: =D9*A9 -> 15250000 | F9: =E9-C9 -> 3975000 | G9: =F9/E9*100 -> 26.065574
A10: 6 | B10: ='6 Pax'!E38 -> 2093750 | C10: =B10*A10 -> 12562500 | D10: 2850000 | E10: =D10*A10 -> 17100000 | F10: =E10-C10 -> 4537500 | G10: =F10/E10*100 -> 26.535088
A11: 7 | B11: ='7 Pax'!E39 -> 1937500 | C11: =B11*A11 -> 13562500 | D11: 2850000 | E11: =D11*A11 -> 19950000 | F11: =E11-C11 -> 6387500 | G11: =F11/E11*100 -> 32.017544
A12: 8 | B12: ='8 Pax'!E38 -> 1850000 | C12: =B12*A12 -> 14800000 | D12: 2550000 | E12: =D12*A12 -> 20400000 | F12: =E12-C12 -> 5600000 | G12: =F12/E12*100 -> 27.45098
A13: 9 | B13: ='9 Pax'!E40 -> 1816666.7 | C13: =B13*A13 -> 16350000 | D13: 2550000 | E13: =D13*A13 -> 22950000 | F13: =E13-C13 -> 6600000 | G13: =F13/E13*100 -> 28.75817
A14: 10 | B14: ='10 Pax'!E39 -> 1973750 | C14: =B14*A14 -> 19737500 | D14: 2550000 | E14: =D14*A14 -> 25500000 | F14: =E14-C14 -> 5762500 | G14: =F14/E14*100 -> 22.598039
A15: 11 | B15: ='11 Pax'!E41 -> 1889772.7 | C15: =B15*A15 -> 20787500 | D15: 2450000 | E15: =D15*A15 -> 26950000 | F15: =E15-C15 -> 6162500 | G15: =F15/E15*100 -> 22.866419

Sheet 1 pax
A1: Package Name | C1: Duration (Days) | D1: No of Pax | E1: Price per pax
A2: 3 Day Ijen, Bromo & Madakaripura Waterfall Discovery from Surabaya | C2: 3 | D2: 1 | E2: 6300000
A4: Description | B4: Unit | C4: Rate | D4: Qty | E4: Total
A5: A. Accommodation
A6: A1. Ijen
A7: Riverside Homestay - Deluxe | B7: No | C7: 337500 | D7: =ROUNDUP(D2/2,0) -> 1 | E7: =C7*D7 -> 337500
A8: A2. Bromo
A9: Joglo Kecombrang - Deluxe | B9: No | C9: 750000 | D9: =ROUNDUP(D2/2,0) -> 1 | E9: =C9*D9 -> 750000
A10: B. Activities
A11: B1. Ijen
A12: Ijen - Ticket | B12: Pax | C12: 75000 | D12: =D2 -> 1 | E12: =C12*D12 -> 75000
A13: Medical Check up | B13: Pax | C13: 35000 | D13: =D2 -> 1 | E13: =C13*D13 -> 35000
A14: Coffee + Indo Mee | B14: Pax | C14: 25000 | D14: =D2 -> 1 | E14: =C14*D14 -> 25000
A15: Ijen Local Guide | B15: No | C15: 250000 | D15: =IF($D$2=4,0,1) -> 1 | E15: =C15*D15 -> 250000
A16: Riverside - Lunch | B16: Pax | C16: 65000 | D16: =D2 -> 1 | E16: =C16*D16 -> 65000
A17: Riverside - Dinner | B17: Pax | C17: 65000 | D17: =D2 -> 1 | E17: =C17*D17 -> 65000
A18: B2. Bromo
A19: Bromo - Ticket | B19: Pax | C19: 160000 | D19: =D2 -> 1 | E19: =C19*D19 -> 160000
A20: Bromo - Jeep | B20: Pax | C20: 500000 | D20: =ROUNDUP(D2/4,0) -> 1 | E20: =C20*D20 -> 500000
A21: B3. Madakaripura
A22: Motor + Ticket | B22: Pax | C22: 90000 | D22: =D2 -> 1 | E22: =C22*D22 -> 90000
A23: Madakaripura Local Guide | B23: No | C23: 100000 | D23: 1 | E23: =C23*D23 -> 100000
A24: C. Transportation
A25: C1. Vehicle
A26: Avanza | B26: Day x Qty | C26: 450000 | D26: =IF($D$2=1,$C$2, IF($D$2=2,$C$2,0)) -> 3 | E26: =C26*D26 -> 1350000
A27: C2. Parking and toll
A28: Probolingo | B28: No | C28: 200000 | D28: =IF((($D$2>=10)*($D$2<=11))=1,2,1) -> 1 | E28: =C28*D28 -> 200000
A29: D. Crews | E29: =C29*D29 -> 0
A30: D1. In house | E30: =C30*D30 -> 0
A31: Driver cum guide | B31: Day x Qty | C31: 250000 | D31: =IF((($D$2>=1)*($D$2<=3))=1,$C$2,0) -> 3 | E31: =C31*D31 -> 750000
A32: E. Others | E32: =C32*D32 -> 0
A33: E1. Miscelleneous | E33: =C33*D33 -> 0
A34: Mineral Water | B34: Karton | C34: 50000 | D34: =ROUNDUP(D2*C2*3/24,0) -> 1 | E34: =C34*D34 -> 50000
A35: Transport allowance | B35: Day x Qty | C35: 100000 | D35: 1 | E35: =C35*D35 -> 100000
A36: T Shirt | B36: Pax | C36: 60000 | D36: =D2 -> 1 | E36: =C36*D36 -> 60000
A37: Total Expense | E37: =SUM(E7:E36) -> 4962500
A38: Expense / Pax | E38: =E37/D2 -> 4962500

Sheet 2 Pax
A1: Package Name | C1: Duration (Days) | D1: No of Pax | E1: Price per pax
A2: 3 Day Ijen, Bromo & Madakaripura Waterfall Discovery from Surabaya | C2: 3 | D2: 2 | E2: 3570000
A4: Description | B4: Unit | C4: Rate | D4: Qty | E4: Total
A5: A. Accommodation
A6: A1. Ijen
A7: Riverside Homestay - Deluxe | B7: No | C7: 337500 | D7: =ROUNDUP(D2/2,0) -> 1 | E7: =C7*D7 -> 337500
A8: A2. Bromo
A9: Joglo Kecombrang - Deluxe | B9: No | C9: 750000 | D9: =ROUNDUP(D2/2,0) -> 1 | E9: =C9*D9 -> 750000
A10: B. Activities
A11: B1. Ijen
A12: Ijen - Ticket | B12: Pax | C12: 75000 | D12: =D2 -> 2 | E12: =C12*D12 -> 150000
A13: Medical Check up | B13: Pax | C13: 35000 | D13: =D2 -> 2 | E13: =C13*D13 -> 70000
A14: Coffee + Indo Mee | B14: Pax | C14: 25000 | D14: =D2 -> 2 | E14: =C14*D14 -> 50000
A15: Ijen Local Guide | B15: No | C15: 250000 | D15: =IF($D$2=4,0,1) -> 1 | E15: =C15*D15 -> 250000
A16: Riverside - Lunch | B16: Pax | C16: 65000 | D16: =D2 -> 2 | E16: =C16*D16 -> 130000
A17: Riverside - Dinner | B17: Pax | C17: 65000 | D17: =D2 -> 2 | E17: =C17*D17 -> 130000
A18: B2. Bromo
A19: Bromo - Ticket | B19: Pax | C19: 160000 | D19: =D2 -> 2 | E19: =C19*D19 -> 320000
A20: Bromo - Jeep | B20: Pax | C20: 500000 | D20: =ROUNDUP(D2/4,0) -> 1 | E20: =C20*D20 -> 500000
A21: B3. Madakaripura
A22: Motor + Ticket | B22: Pax | C22: 90000 | D22: =D2 -> 2 | E22: =C22*D22 -> 180000
A23: Madakaripura Local Guide | B23: No | C23: 100000 | D23: 1 | E23: =C23*D23 -> 100000
A24: C. Transportation
A25: C1. Vehicle
A26: Avanza | B26: Day x Qty | C26: 450000 | D26: =IF($D$2=1,$C$2, IF($D$2=2,$C$2,0)) -> 3 | E26: =C26*D26 -> 1350000
A27: C2. Parking and toll
A28: Probolingo | B28: No | C28: 200000 | D28: =IF((($D$2>=10)*($D$2<=11))=1,2,1) -> 1 | E28: =C28*D28 -> 200000
A29: D. Crews | E29: =C29*D29 -> 0
A30: D1. In house | E30: =C30*D30 -> 0
A31: Driver cum guide | B31: Day x Qty | C31: 250000 | D31: =IF((($D$2>=1)*($D$2<=3))=1,$C$2,0) -> 3 | E31: =C31*D31 -> 750000
A32: E. Others | E32: =C32*D32 -> 0
A33: E1. Miscelleneous | E33: =C33*D33 -> 0
A34: Mineral Water | B34: Karton | C34: 50000 | D34: =ROUNDUP(D2*C2*3/24,0) -> 1 | E34: =C34*D34 -> 50000
A35: Transport allowance | B35: Day x Qty | C35: 100000 | D35: 1 | E35: =C35*D35 -> 100000
A36: T Shirt | B36: Pax | C36: 60000 | D36: =D2 -> 2 | E36: =C36*D36 -> 120000
A37: Total Expense | E37: =SUM(E7:E36) -> 5537500
A38: Expense / Pax | E38: =E37/D2 -> 2768750

Sheet 3 Pax
A1: Package Name | C1: Duration (Days) | D1: No of Pax | E1: Price per pax
A2: 3 Day Ijen, Bromo & Madakaripura Waterfall Discovery from Surabaya | C2: 3 | D2: 3 | E2: 3275000
A4: Description | B4: Unit | C4: Rate | D4: Qty | E4: Total
A5: A. Accommodation
A6: A1. Ijen
A7: Riverside Homestay - Family | B7: No | C7: 562500 | D7: 1 | E7: =C7*D7 -> 562500
A8: A2. Bromo
A9: Joglo Kecombrang - Family | B9: No | C9: 950000 | D9: 1 | E9: =C9*D9 -> 950000
A10: B. Activities | E10: =C10*D10 -> 0
A11: B1. Ijen | E11: =C11*D11 -> 0
A12: Ijen - Ticket | B12: Pax | C12: 75000 | D12: =D2 -> 3 | E12: =C12*D12 -> 225000
A13: Medical Check up | B13: Pax | C13: 35000 | D13: =D2 -> 3 | E13: =C13*D13 -> 105000
A14: Coffee + Indo Mee | B14: Pax | C14: 25000 | D14: =D2 -> 3 | E14: =C14*D14 -> 75000
A15: Ijen Local Guide | B15: No | C15: 250000 | D15: =IF($D$2=4,0,1) -> 1 | E15: =C15*D15 -> 250000
A16: Riverside - Lunch | B16: Pax | C16: 65000 | D16: =D2 -> 3 | E16: =C16*D16 -> 195000
A17: Riverside - Dinner | B17: Pax | C17: 65000 | D17: =D2 -> 3 | E17: =C17*D17 -> 195000
A18: B2. Bromo
A19: Bromo - Ticket | B19: Pax | C19: 160000 | D19: =D2 -> 3 | E19: =C19*D19 -> 480000
A20: Bromo - Jeep | B20: Pax | C20: 500000 | D20: =ROUNDUP(D2/4,0) -> 1 | E20: =C20*D20 -> 500000
A21: B3. Madakaripura
A22: Motor + Ticket | B22: Pax | C22: 90000 | D22: =D2 -> 3 | E22: =C22*D22 -> 270000
A23: Madakaripura Local Guide | B23: No | C23: 100000 | D23: 1 | E23: =C23*D23 -> 100000
A24: C. Transportation
A25: C1. Vehicle
A26: Avanza | B26: Day x Qty | C26: 450000 | D26: 3 | E26: =C26*D26 -> 1350000
A27: C2. Parking and toll
A28: Probolingo | B28: No | C28: 200000 | D28: =IF((($D$2>=10)*($D$2<=11))=1,2,1) -> 1 | E28: =C28*D28 -> 200000
A29: D. Crews
A30: D1. In house
A31: Driver cum guide | B31: Day x Qty | C31: 250000 | D31: =IF((($D$2>=1)*($D$2<=3))=1,$C$2,0) -> 3 | E31: =C31*D31 -> 750000
A32: E. Others
A33: E1. Miscelleneous
A34: Mineral Water | B34: Karton | C34: 50000 | D34: 1 | E34: =C34*D34 -> 50000
A35: Transport allowance | B35: Day x Qty | C35: 100000 | D35: 1 | E35: =C35*D35 -> 100000
A36: T Shirt | B36: Pax | C36: 60000 | D36: =D2 -> 3 | E36: =C36*D36 -> 180000
A37: Total Expense | E37: =SUM(E7:E36) -> 6537500
A38: Expense / Pax | E38: =E37/D2 -> 2179166.7

Sheet 4 Pax
A1: Package Name | B1: ID | C1: Duration (Days) | D1: No of Pax | E1: Price per pax
A2: 3 Day Ijen, Bromo & Madakaripura Waterfall Discovery from Surabaya | B2: 29 | C2: 3 | D2: 4 | E2: 3050000
A4: Description | B4: Unit | C4: Rate | D4: Qty | E4: Total
A5: A. Accommodation
A6: A1. Ijen
A7: Riverside Homestay - Deluxe | B7: No | C7: 337500 | D7: =ROUNDUP(D2/2,0) -> 2 | E7: =C7*D7 -> 675000
A8: A2. Bromo
A9: Joglo Kecombrang - Deluxe | B9: No | C9: 750000 | D9: =ROUNDUP(D2/2,0) -> 2 | E9: =C9*D9 -> 1500000
A10: B. Activities
A11: B1. Ijen
A12: Ijen - Ticket | B12: Pax | C12: 75000 | D12: =D2 -> 4 | E12: =C12*D12 -> 300000
A13: Medical Check up | B13: Pax | C13: 35000 | D13: =D2 -> 4 | E13: =C13*D13 -> 140000
A14: Coffee + Indo Mee | B14: Pax | C14: 25000 | D14: =D2 -> 4 | E14: =C14*D14 -> 100000
A15: Riverside - Lunch | B15: Pax | C15: 65000 | D15: =D2 -> 4 | E15: =C15*D15 -> 260000
A16: Riverside - Dinner | B16: Pax | C16: 65000 | D16: =D2 -> 4 | E16: =C16*D16 -> 260000
A17: B2. Bromo
A18: Bromo - Ticket | B18: Pax | C18: 160000 | D18: =D2 -> 4 | E18: =C18*D18 -> 640000
A19: Bromo - Jeep | B19: Pax | C19: 500000 | D19: =ROUNDUP(D2/4,0) -> 1 | E19: =C19*D19 -> 500000
A20: B3. Madakaripura
A21: Motor + Ticket | B21: Pax | C21: 90000 | D21: =D2 -> 4 | E21: =C21*D21 -> 360000
A22: Madakaripura Local Guide | B22: No | C22: 100000 | D22: 1 | E22: =C22*D22 -> 100000
A23: C. Transportation
A24: C1. Vehicle
A25: Toyota Hiace | B25: Day x Qty | C25: 1100000 | D25: =IF((($D$2>=4)*($D$2<=11))=1,$C$2,0) -> 3 | E25: =C25*D25 -> 3300000
A26: C2. Parking and toll
A27: Probolingo | B27: No | C27: 200000 | D27: =IF((($D$2>=10)*($D$2<=11))=1,2,1) -> 1 | E27: =C27*D27 -> 200000
A28: D. Crews
A29: D1. In house
A30: Escort Guide | B30: Day x Qty | C30: 250000 | D30: =IF((($D$2>=4)*($D$2<=11))=1,$C$2,0) -> 3 | E30: =C30*D30 -> 750000
A31: E. Others
A32: E1. Miscelleneous
A33: Mineral Water | B33: Karton | C33: 50000 | D33: =ROUNDUP(D2*C2*3/24,0) -> 2 | E33: =C33*D33 -> 100000
A34: Transport allowance | B34: Day x Qty | C34: 100000 | D34: 1 | E34: =C34*D34 -> 100000
A35: T Shirt | B35: Pax | C35: 60000 | D35: =D2 -> 4 | E35: =C35*D35 -> 240000
A36: Total Expense | E36: =SUM(E7:E35) -> 9525000
A37: Expense / Pax | E37: =E36/D2 -> 2381250

Sheet 5 Pax
A1: Package Name | B1: ID | C1: Duration (Days) | D1: No of Pax | E1: Price per pax
A2: 3 Day Ijen, Bromo & Madakaripura Waterfall Discovery from Surabaya | B2: 29 | C2: 3 | D2: 5 | E2: 3050000
A4: Description | B4: Unit | C4: Rate | D4: Qty | E4: Total
A5: A. Accommodation
A6: A1. Ijen
A7: Riverside Homestay - Deluxe | B7: No | C7: 337500 | D7: 1 | E7: =C7*D7 -> 337500
A8: Riverside Homestay - Family | B8: No | C8: 562500 | D8: 1 | E8: =C8*D8 -> 562500
A9: A2. Bromo
A10: Joglo Kecombrang - Deluxe | B10: No | C10: 750000 | D10: 1 | E10: =C10*D10 -> 750000
A11: Joglo Kecombrang - Family | B11: No | C11: 950000 | D11: 1 | E11: =C11*D11 -> 950000
A12: B. Activities | E12: =C12*D12 -> 0
A13: B1. Ijen | E13: =C13*D13 -> 0
A14: Ijen - Ticket | B14: Pax | C14: 75000 | D14: =D2 -> 5 | E14: =C14*D14 -> 375000
A15: Medical Check up | B15: Pax | C15: 35000 | D15: =D2 -> 5 | E15: =C15*D15 -> 175000
A16: Coffee + Indo Mee | B16: Pax | C16: 25000 | D16: =D2 -> 5 | E16: =C16*D16 -> 125000
A17: Ijen Local Guide | B17: No | C17: 250000 | D17: =IF($D$2=4,0,1) -> 1 | E17: =C17*D17 -> 250000
A18: Riverside - Lunch | B18: Pax | C18: 65000 | D18: =D2 -> 5 | E18: =C18*D18 -> 325000
A19: Riverside - Dinner | B19: Pax | C19: 65000 | D19: =D2 -> 5 | E19: =C19*D19 -> 325000
A20: B2. Bromo
A21: Bromo - Ticket | B21: Pax | C21: 160000 | D21: =D2 -> 5 | E21: =C21*D21 -> 800000
A22: Bromo - Jeep | B22: Pax | C22: 500000 | D22: =ROUNDUP(D2/4,0) -> 2 | E22: =C22*D22 -> 1000000
A23: B3. Madakaripura
A24: Motor + Ticket | B24: Pax | C24: 90000 | D24: =D2 -> 5 | E24: =C24*D24 -> 450000
A25: Madakaripura Local Guide | B25: No | C25: 100000 | D25: 1 | E25: =C25*D25 -> 100000
A26: C. Transportation
A27: C1. Vehicle
A28: Toyota Hiace | B28: Day x Qty | C28: 1100000 | D28: =IF((($D$2>=4)*($D$2<=11))=1,$C$2,0) -> 3 | E28: =C28*D28 -> 3300000
A29: C2. Parking and toll
A30: Probolingo | B30: No | C30: 200000 | D30: =IF((($D$2>=10)*($D$2<=11))=1,2,1) -> 1 | E30: =C30*D30 -> 200000
A31: Probolinggo + Malang | B31: No | C31: 300000
A32: D. Crews
A33: D1. In house
A34: Escort Guide | B34: Day x Qty | C34: 250000 | D34: =IF((($D$2>=4)*($D$2<=11))=1,$C$2,0) -> 3 | E34: =C34*D34 -> 750000
A35: E. Others
A36: E1. Miscelleneous
A37: Mineral Water | B37: Karton | C37: 50000 | D37: =ROUNDUP(D2*C2*3/24,0) -> 2 | E37: =C37*D37 -> 100000
A38: Transport allowance | B38: Day x Qty | C38: 100000 | D38: 1 | E38: =C38*D38 -> 100000
A39: T Shirt | B39: Pax | C39: 60000 | D39: =D2 -> 5 | E39: =C39*D39 -> 300000
A40: Total Expense | E40: =SUM(E7:E39) -> 11275000
A41: Expense / Pax | E41: =E40/D2 -> 2255000

Sheet 6 Pax
A1: Package Name | B1: ID | C1: Duration (Days) | D1: No of Pax | E1: Price per pax
A2: 3 Day Ijen, Bromo & Madakaripura Waterfall Discovery from Surabaya | B2: 29 | C2: 3 | D2: 6 | E2: 2850000
A4: Description | B4: Unit | C4: Rate | D4: Qty | E4: Total
A5: A. Accommodation
A6: A1. Ijen
A7: Riverside Homestay - Deluxe | B7: No | C7: 337500 | D7: =ROUNDUP(D2/2,0) -> 3 | E7: =C7*D7 -> 1012500
A8: A2. Bromo
A9: Joglo Kecombrang - Deluxe | B9: No | C9: 750000 | D9: =ROUNDUP(D2/2,0) -> 3 | E9: =C9*D9 -> 2250000
A10: B. Activities | E10: =C10*D10 -> 0
A11: B1. Ijen | E11: =C11*D11 -> 0
A12: Ijen - Ticket | B12: Pax | C12: 75000 | D12: =D2 -> 6 | E12: =C12*D12 -> 450000
A13: Medical Check up | B13: Pax | C13: 35000 | D13: =D2 -> 6 | E13: =C13*D13 -> 210000
A14: Coffee + Indo Mee | B14: Pax | C14: 25000 | D14: =D2 -> 6 | E14: =C14*D14 -> 150000
A15: Ijen Local Guide | B15: No | C15: 250000 | D15: =IF($D$2=4,0,1) -> 1 | E15: =C15*D15 -> 250000
A16: Riverside - Lunch | B16: Pax | C16: 65000 | D16: =D2 -> 6 | E16: =C16*D16 -> 390000
A17: Riverside - Dinner | B17: Pax | C17: 65000 | D17: =D2 -> 6 | E17: =C17*D17 -> 390000
A18: B2. Bromo
A19: Bromo - Ticket | B19: Pax | C19: 160000 | D19: =D2 -> 6 | E19: =C19*D19 -> 960000
A20: Bromo - Jeep | B20: Pax | C20: 500000 | D20: =ROUNDUP(D2/4,0) -> 2 | E20: =C20*D20 -> 1000000
A21: B3. Madakaripura
A22: Motor + Ticket | B22: Pax | C22: 90000 | D22: =D2 -> 6 | E22: =C22*D22 -> 540000
A23: Madakaripura Local Guide | B23: No | C23: 100000 | D23: 1 | E23: =C23*D23 -> 100000
A24: C. Transportation
A25: C1. Vehicle
A26: Toyota Hiace | B26: Day x Qty | C26: 1100000 | D26: =IF((($D$2>=4)*($D$2<=11))=1,$C$2,0) -> 3 | E26: =C26*D26 -> 3300000
A27: C2. Parking and toll
A28: Probolingo | B28: No | C28: 200000 | D28: =IF((($D$2>=10)*($D$2<=11))=1,2,1) -> 1 | E28: =C28*D28 -> 200000
A29: D. Crews | E29: =C29*D29 -> 0
A30: D1. In house | E30: =C30*D30 -> 0
A31: Escort Guide | B31: Day x Qty | C31: 250000 | D31: =IF((($D$2>=4)*($D$2<=11))=1,$C$2,0) -> 3 | E31: =C31*D31 -> 750000
A32: E. Others | E32: =C32*D32 -> 0
A33: E1. Miscelleneous | E33: =C33*D33 -> 0
A34: Mineral Water | B34: Karton | C34: 50000 | D34: =ROUNDUP(D2*C2*3/24,0) -> 3 | E34: =C34*D34 -> 150000
A35: Transport allowance | B35: Day x Qty | C35: 100000 | D35: 1 | E35: =C35*D35 -> 100000
A36: T Shirt | B36: Pax | C36: 60000 | D36: =D2 -> 6 | E36: =C36*D36 -> 360000
A37: Total Expense | E37: =SUM(E7:E36) -> 12562500
A38: Expense / Pax | E38: =E37/D2 -> 2093750

Sheet 7 Pax
A1: Package Name | B1: ID | C1: Duration (Days) | D1: No of Pax | E1: Price per pax
A2: 3 Day Ijen, Bromo & Madakaripura Waterfall Discovery from Surabaya | B2: 29 | C2: 3 | D2: 7 | E2: 2850000
A4: Description | B4: Unit | C4: Rate | D4: Qty | E4: Total
A5: A. Accommodation
A6: A1. Ijen
A7: Riverside Homestay - Deluxe | B7: No | C7: 337500 | D7: 2 | E7: =C7*D7 -> 675000
A8: Riverside Homestay - Family | B8: No | C8: 562500 | D8: 1 | E8: =C8*D8 -> 562500
A9: A2. Bromo
A10: Joglo Kecombrang - Deluxe | B10: No | C10: 750000 | D10: 2 | E10: =C10*D10 -> 1500000
A11: Joglo Kecombrang - Family | B11: No | C11: 950000 | D11: 1 | E11: =C11*D11 -> 950000
A12: B. Activities | E12: =C12*D12 -> 0
A13: B1. Ijen | E13: =C13*D13 -> 0
A14: Ijen - Ticket | B14: Pax | C14: 75000 | D14: =D2 -> 7 | E14: =C14*D14 -> 525000
A15: Medical Check up | B15: Pax | C15: 35000 | D15: =D2 -> 7 | E15: =C15*D15 -> 245000
A16: Coffee + Indo Mee | B16: Pax | C16: 25000 | D16: =D2 -> 7 | E16: =C16*D16 -> 175000
A17: Ijen Local Guide | B17: No | C17: 250000 | D17: =IF($D$2=4,0,1) -> 1 | E17: =C17*D17 -> 250000
A18: Riverside - Lunch | B18: Pax | C18: 65000 | D18: =D2 -> 7 | E18: =C18*D18 -> 455000
A19: Riverside - Dinner | B19: Pax | C19: 65000 | D19: =D2 -> 7 | E19: =C19*D19 -> 455000
A20: B2. Bromo
A21: Bromo - Ticket | B21: Pax | C21: 160000 | D21: =D2 -> 7 | E21: =C21*D21 -> 1120000
A22: Bromo - Jeep | B22: Pax | C22: 500000 | D22: =ROUNDUP(D2/4,0) -> 2 | E22: =C22*D22 -> 1000000
A23: B3. Madakaripura
A24: Motor + Ticket | B24: Pax | C24: 90000 | D24: =D2 -> 7 | E24: =C24*D24 -> 630000
A25: Madakaripura Local Guide | B25: No | C25: 100000 | D25: 1 | E25: =C25*D25 -> 100000
A26: C. Transportation
A27: C1. Vehicle
A28: Toyota Hiace | B28: Day x Qty | C28: 1100000 | D28: =IF((($D$2>=4)*($D$2<=11))=1,$C$2,0) -> 3 | E28: =C28*D28 -> 3300000
A29: C2. Parking and toll
A30: Probolingo | B30: No | C30: 200000 | D30: =IF((($D$2>=10)*($D$2<=11))=1,2,1) -> 1 | E30: =C30*D30 -> 200000
A31: D1. In house | E31: =C31*D31 -> 0
A32: Escort Guide | B32: Day x Qty | C32: 250000 | D32: =IF((($D$2>=4)*($D$2<=11))=1,$C$2,0) -> 3 | E32: =C32*D32 -> 750000
A33: E. Others | E33: =C33*D33 -> 0
A34: E1. Miscelleneous | E34: =C34*D34 -> 0
A35: Mineral Water | B35: Karton | C35: 50000 | D35: =ROUNDUP(D2*C2*3/24,0) -> 3 | E35: =C35*D35 -> 150000
A36: Transport allowance | B36: Day x Qty | C36: 100000 | D36: 1 | E36: =C36*D36 -> 100000
A37: T Shirt | B37: Pax | C37: 60000 | D37: =D2 -> 7 | E37: =C37*D37 -> 420000
A38: Total Expense | E38: =SUM(E7:E37) -> 13562500
A39: Expense / Pax | E39: =E38/D2 -> 1937500

Sheet 8 Pax
A1: Package Name | B1: ID | C1: Duration (Days) | D1: No of Pax | E1: Price per pax
A2: 3 Day Ijen, Bromo & Madakaripura Waterfall Discovery from Surabaya | B2: 29 | C2: 3 | D2: 8 | E2: 2550000
A4: Description | B4: Unit | C4: Rate | D4: Qty | E4: Total
A5: A. Accommodation
A6: A1. Ijen
A7: Riverside Homestay - Deluxe | B7: No | C7: 337500 | D7: 4 | E7: =C7*D7 -> 1350000
A8: A2. Bromo
A9: Joglo Kecombrang - Deluxe | B9: No | C9: 750000 | D9: 4 | E9: =C9*D9 -> 3000000
A10: B. Activities | E10: =C10*D10 -> 0
A11: B1. Ijen | E11: =C11*D11 -> 0
A12: Ijen - Ticket | B12: Pax | C12: 75000 | D12: =D2 -> 8 | E12: =C12*D12 -> 600000
A13: Medical Check up | B13: Pax | C13: 35000 | D13: =D2 -> 8 | E13: =C13*D13 -> 280000
A14: Coffee + Indo Mee | B14: Pax | C14: 25000 | D14: =D2 -> 8 | E14: =C14*D14 -> 200000
A15: Ijen Local Guide | B15: No | C15: 250000 | D15: =IF($D$2=4,0,1) -> 1 | E15: =C15*D15 -> 250000
A16: Riverside - Lunch | B16: Pax | C16: 65000 | D16: =D2 -> 8 | E16: =C16*D16 -> 520000
A17: Riverside - Dinner | B17: Pax | C17: 65000 | D17: =D2 -> 8 | E17: =C17*D17 -> 520000
A18: B2. Bromo
A19: Bromo - Ticket | B19: Pax | C19: 160000 | D19: =D2 -> 8 | E19: =C19*D19 -> 1280000
A20: Bromo - Jeep | B20: Pax | C20: 500000 | D20: =ROUNDUP(D2/4,0) -> 2 | E20: =C20*D20 -> 1000000
A21: B3. Madakaripura
A22: Motor + Ticket | B22: Pax | C22: 90000 | D22: =D2 -> 8 | E22: =C22*D22 -> 720000
A23: Madakaripura Local Guide | B23: No | C23: 100000 | D23: 1 | E23: =C23*D23 -> 100000
A24: C. Transportation
A25: C1. Vehicle
A26: Toyota Hiace | B26: Day x Qty | C26: 1100000 | D26: =IF((($D$2>=4)*($D$2<=11))=1,$C$2,0) -> 3 | E26: =C26*D26 -> 3300000
A27: C2. Parking and toll
A28: Probolingo | B28: No | C28: 200000 | D28: =IF((($D$2>=10)*($D$2<=11))=1,2,1) -> 1 | E28: =C28*D28 -> 200000
A29: D. Crews | E29: =C29*D29 -> 0
A30: D1. In house | E30: =C30*D30 -> 0
A31: Escort Guide | B31: Day x Qty | C31: 250000 | D31: =IF((($D$2>=4)*($D$2<=11))=1,$C$2,0) -> 3 | E31: =C31*D31 -> 750000
A32: E. Others | E32: =C32*D32 -> 0
A33: E1. Miscelleneous | E33: =C33*D33 -> 0
A34: Mineral Water | B34: Karton | C34: 50000 | D34: =ROUNDUP(D2*C2*3/24,0) -> 3 | E34: =C34*D34 -> 150000
A35: Transport allowance | B35: Day x Qty | C35: 100000 | D35: 1 | E35: =C35*D35 -> 100000
A36: T Shirt | B36: Pax | C36: 60000 | D36: =D2 -> 8 | E36: =C36*D36 -> 480000
A37: Total Expense | E37: =SUM(E7:E36) -> 14800000
A38: Expense / Pax | E38: =E37/D2 -> 1850000

Sheet 9 Pax
A1: Package Name | B1: ID | C1: Duration (Days) | D1: No of Pax | E1: Price per pax
A2: 3 Day Ijen, Bromo & Madakaripura Waterfall Discovery from Surabaya | B2: 29 | C2: 3 | D2: 9 | E2: 2550000
A4: Description | B4: Unit | C4: Rate | D4: Qty | E4: Total
A5: A. Accommodation
A6: A1. Ijen
A7: Riverside Homestay - Deluxe | B7: No | C7: 337500 | D7: 3 | E7: =C7*D7 -> 1012500
A8: Riverside Homestay - Family | B8: No | C8: 562500 | D8: 1 | E8: =C8*D8 -> 562500
A9: A2. Bromo
A10: Joglo Kecombrang - Deluxe | B10: No | C10: 750000 | D10: 3 | E10: =C10*D10 -> 2250000
A11: Joglo Kecombrang - Family | B11: No | C11: 950000 | D11: 1 | E11: =C11*D11 -> 950000
A12: B. Activities | E12: =C12*D12 -> 0
A13: B1. Ijen | E13: =C13*D13 -> 0
A14: Ijen - Ticket | B14: Pax | C14: 75000 | D14: =D2 -> 9 | E14: =C14*D14 -> 675000
A15: Medical Check up | B15: Pax | C15: 35000 | D15: =D2 -> 9 | E15: =C15*D15 -> 315000
A16: Coffee + Indo Mee | B16: Pax | C16: 25000 | D16: =D2 -> 9 | E16: =C16*D16 -> 225000
A17: Ijen Local Guide | B17: No | C17: 250000 | D17: =IF($D$2=4,0,1) -> 1 | E17: =C17*D17 -> 250000
A18: Riverside - Lunch | B18: Pax | C18: 65000 | D18: =D2 -> 9 | E18: =C18*D18 -> 585000
A19: Riverside - Dinner | B19: Pax | C19: 65000 | D19: =D2 -> 9 | E19: =C19*D19 -> 585000
A20: B2. Bromo
A21: Bromo - Ticket | B21: Pax | C21: 160000 | D21: =D2 -> 9 | E21: =C21*D21 -> 1440000
A22: Bromo - Jeep | B22: Pax | C22: 500000 | D22: =ROUNDUP(D2/4,0) -> 3 | E22: =C22*D22 -> 1500000
A23: B3. Madakaripura
A24: Motor + Ticket | B24: Pax | C24: 90000 | D24: =D2 -> 9 | E24: =C24*D24 -> 810000
A25: Madakaripura Local Guide | B25: No | C25: 100000 | D25: 1 | E25: =C25*D25 -> 100000
A26: C. Transportation
A27: C1. Vehicle
A28: Toyota Hiace | B28: Day x Qty | C28: 1100000 | D28: =IF((($D$2>=4)*($D$2<=11))=1,$C$2,0) -> 3 | E28: =C28*D28 -> 3300000
A29: C2. Parking and toll
A30: Probolingo | B30: No | C30: 200000 | D30: =IF((($D$2>=10)*($D$2<=11))=1,2,1) -> 1 | E30: =C30*D30 -> 200000
A31: D. Crews | E31: =C31*D31 -> 0
A32: D1. In house | E32: =C32*D32 -> 0
A33: Escort Guide | B33: Day x Qty | C33: 250000 | D33: =IF((($D$2>=4)*($D$2<=11))=1,$C$2,0) -> 3 | E33: =C33*D33 -> 750000
A34: E. Others | E34: =C34*D34 -> 0
A35: E1. Miscelleneous | E35: =C35*D35 -> 0
A36: Mineral Water | B36: Karton | C36: 50000 | D36: =ROUNDUP(D2*C2*3/24,0) -> 4 | E36: =C36*D36 -> 200000
A37: Transport allowance | B37: Day x Qty | C37: 100000 | D37: 1 | E37: =C37*D37 -> 100000
A38: T Shirt | B38: Pax | C38: 60000 | D38: =D2 -> 9 | E38: =C38*D38 -> 540000
A39: Total Expense | E39: =SUM(E7:E38) -> 16350000
A40: Expense / Pax | E40: =E39/D2 -> 1816666.7

Sheet 10 Pax
A1: Package Name | B1: ID | C1: Duration (Days) | D1: No of Pax | E1: Price per pax
A2: 3 Day Ijen, Bromo & Madakaripura Waterfall Discovery from Surabaya | B2: 29 | C2: 3 | D2: 10 | E2: 2550000
A4: Description | B4: Unit | C4: Rate | D4: Qty | E4: Total
A5: A. Accommodation
A6: A1. Ijen
A7: Riverside Homestay - Deluxe | B7: No | C7: 337500 | D7: 5 | E7: =C7*D7 -> 1687500
A8: A2. Bromo
A9: Joglo Kecombrang - Deluxe | B9: No | C9: 750000 | D9: 5 | E9: =C9*D9 -> 3750000
A10: B. Activities | E10: =C10*D10 -> 0
A11: B1. Ijen | E11: =C11*D11 -> 0
A12: Ijen - Ticket | B12: Pax | C12: 75000 | D12: =D2 -> 10 | E12: =C12*D12 -> 750000
A13: Medical Check up | B13: Pax | C13: 35000 | D13: =D2 -> 10 | E13: =C13*D13 -> 350000
A14: Coffee + Indo Mee | B14: Pax | C14: 25000 | D14: =D2 -> 10 | E14: =C14*D14 -> 250000
A15: Ijen Local Guide | B15: No | C15: 250000 | D15: =IF($D$2=4,0,1) -> 1 | E15: =C15*D15 -> 250000
A16: Riverside - Lunch | B16: Pax | C16: 65000 | D16: =D2 -> 10 | E16: =C16*D16 -> 650000
A17: Riverside - Dinner | B17: Pax | C17: 65000 | D17: =D2 -> 10 | E17: =C17*D17 -> 650000
A18: B2. Bromo
A19: Bromo - Ticket | B19: Pax | C19: 160000 | D19: =D2 -> 10 | E19: =C19*D19 -> 1600000
A20: Bromo - Jeep | B20: Pax | C20: 500000 | D20: =ROUNDUP(D2/4,0) -> 3 | E20: =C20*D20 -> 1500000
A21: B3. Madakaripura
A22: Motor + Ticket | B22: Pax | C22: 90000 | D22: =D2 -> 10 | E22: =C22*D22 -> 900000
A23: Madakaripura Local Guide | B23: No | C23: 100000 | D23: 1 | E23: =C23*D23 -> 100000
A24: C. Transportation
A25: C1. Vehicle
A26: Toyota Hiace | B26: Day x Qty | C26: 1100000 | D26: =IF((($D$2>=4)*($D$2<=11))=1,$C$2,0) -> 3 | E26: =C26*D26 -> 3300000
A27: Extra Luggage | B27: Day x Qty | C27: =250000+200000+200000 -> 650000 | D27: 3 | E27: =C27*D27 -> 1950000
A28: C2. Parking and toll
A29: Probolingo | B29: No | C29: 200000 | D29: =IF((($D$2>=10)*($D$2<=11))=1,2,1) -> 2 | E29: =C29*D29 -> 400000
A30: D. Crews | E30: =C30*D30 -> 0
A31: D1. In house | E31: =C31*D31 -> 0
A32: Escort Guide | B32: Day x Qty | C32: 250000 | D32: =IF((($D$2>=4)*($D$2<=11))=1,$C$2,0) -> 3 | E32: =C32*D32 -> 750000
A33: E. Others | E33: =C33*D33 -> 0
A34: E1. Miscelleneous | E34: =C34*D34 -> 0
A35: Mineral Water | B35: Karton | C35: 50000 | D35: =ROUNDUP(D2*C2*3/24,0) -> 4 | E35: =C35*D35 -> 200000
A36: Transport allowance | B36: Day x Qty | C36: 100000 | D36: 1 | E36: =C36*D36 -> 100000
A37: T Shirt | B37: Pax | C37: 60000 | D37: =D2 -> 10 | E37: =C37*D37 -> 600000
A38: Total Expense | E38: =SUM(E7:E37) -> 19737500
A39: Expense / Pax | E39: =E38/D2 -> 1973750

Sheet 11 Pax
A1: Package Name | B1: ID | C1: Duration (Days) | D1: No of Pax | E1: Price per pax
A2: 3 Day Ijen, Bromo & Madakaripura Waterfall Discovery from Surabaya | B2: 29 | C2: 3 | D2: 11 | E2: 2450000
A4: Description | B4: Unit | C4: Rate | D4: Qty | E4: Total
A5: A. Accommodation
A6: A1. Ijen
A7: Riverside Homestay - Deluxe | B7: No | C7: 337500 | D7: 4 | E7: =C7*D7 -> 1350000
A8: Riverside Homestay - Family | B8: No | C8: 562500 | D8: 1 | E8: =C8*D8 -> 562500
A9: A2. Bromo
A10: Joglo Kecombrang - Deluxe | B10: No | C10: 750000 | D10: 4 | E10: =C10*D10 -> 3000000
A11: Joglo Kecombrang - Family | B11: No | C11: 950000 | D11: 1 | E11: =C11*D11 -> 950000
A12: B. Activities
A13: B1. Ijen
A14: Ijen - Ticket | B14: Pax | C14: 75000 | D14: =D2 -> 11 | E14: =C14*D14 -> 825000
A15: Medical Check up | B15: Pax | C15: 35000 | D15: =D2 -> 11 | E15: =C15*D15 -> 385000
A16: Coffee + Indo Mee | B16: Pax | C16: 25000 | D16: =D2 -> 11 | E16: =C16*D16 -> 275000
A17: Ijen Local Guide | B17: No | C17: 250000 | D17: =IF($D$2=4,0,1) -> 1 | E17: =C17*D17 -> 250000
A18: Riverside - Lunch | B18: Pax | C18: 65000 | D18: =D2 -> 11 | E18: =C18*D18 -> 715000
A19: Riverside - Dinner | B19: Pax | C19: 65000 | D19: =D2 -> 11 | E19: =C19*D19 -> 715000
A20: B2. Bromo
A21: Bromo - Ticket | B21: Pax | C21: 160000 | D21: =D2 -> 11 | E21: =C21*D21 -> 1760000
A22: Bromo - Jeep | B22: Pax | C22: 500000 | D22: =ROUNDUP(D2/4,0) -> 3 | E22: =C22*D22 -> 1500000
A23: B3. Madakaripura
A24: Motor + Ticket | B24: Pax | C24: 90000 | D24: =D2 -> 11 | E24: =C24*D24 -> 990000
A25: Madakaripura Local Guide | B25: No | C25: 100000 | D25: 1 | E25: =C25*D25 -> 100000
A26: C. Transportation
A27: C1. Vehicle
A28: Toyota Hiace | B28: Day x Qty | C28: 1100000 | D28: =IF((($D$2>=4)*($D$2<=11))=1,$C$2,0) -> 3 | E28: =C28*D28 -> 3300000
A29: Extra Luggage | B29: Day x Qty | C29: =250000+200000+200000 -> 650000 | D29: 3 | E29: =C29*D29 -> 1950000
A30: C2. Parking and toll
A31: Probolingo | B31: No | C31: 200000 | D31: =IF((($D$2>=10)*($D$2<=11))=1,2,1) -> 2 | E31: =C31*D31 -> 400000
A32: D. Crews | E32: =C32*D32 -> 0
A33: D1. In house | E33: =C33*D33 -> 0
A34: Escort Guide | B34: Day x Qty | C34: 250000 | D34: =IF((($D$2>=4)*($D$2<=11))=1,$C$2,0) -> 3 | E34: =C34*D34 -> 750000
A35: E. Others | E35: =C35*D35 -> 0
A36: E1. Miscelleneous | E36: =C36*D36 -> 0
A37: Mineral Water | B37: Karton | C37: 50000 | D37: =ROUNDUP(D2*C2*3/24,0) -> 5 | E37: =C37*D37 -> 250000
A38: Transport allowance | B38: Day x Qty | C38: 100000 | D38: 1 | E38: =C38*D38 -> 100000
A39: T Shirt | B39: Pax | C39: 60000 | D39: =D2 -> 11 | E39: =C39*D39 -> 660000
A40: Total Expense | E40: =SUM(E7:E39) -> 20787500
A41: Expense / Pax | E41: =E40/D2 -> 1889772.7
